,0
25157_0,http://twitpic.com/4jdtj
28939_0,http://yfrog.com/053agj
26750_0,http://tinyurl.com/dlqo2p
19666_0,http://bbltwt.com/nqgp3
6683_0,http://mypict.me/1zu9
20302_0,http://bit.ly/vqiuf
37073_0,http://blip.fm/~5z4ve
37845_0,http://bit.ly/ngjkn
24933_0,http://yfrog.com/8c36ej
35227_0,http://twitpic.com/4wn71
33404_0,http://tinyurl.com/freeringring
20493_0,http://ustre.am/2nlc
30635_0,http://twitpic.com/4u5h8
11086_0,http://digg.com/d1spp7
31643_0,http://blip.fm/~5yroy
9217_0,http://ff.im/3nzth
39668_0,http://www.luigis.org.uk
21555_0,http://plurk.com/p/rp3ir
9467_0,http://tinyurl.com/l7zt72
24851_0,http://tweetphoto.com.
24688_0,http://twitpic.com/4hsd2
33826_0,http://disq.us/11w
22769_0,http://blip.fm/~5jgio
17814_0,http://twitpic.com/61oj0
38351_0,http://twitpic.com/4wsj3
23609_0,http://tinyurl.com/c73ehq
37792_0,http://twitpic.com/2aa0m
16021_0,http://twitpic.com/67ot5
1251_0,http://plurk.com/p/wxshi
14295_0,http://tinyurl.com/krcamp
10722_0,http://twitpic.com/665n7
39766_0,http://twitpic.com/4wukt
7965_0,http://plurk.com/p/x24ke
30933_0,http://backstreetpride.net/teamburritocontest.html
31317_0,http://robo.to/oneflipsta
28636_0,http://twitpic.com/4w0yj
27864_0,http://plurk.com/p/rrg18
37637_0,http://twitpic.com/4so0u
20614_0,http://twitpic.com/4j9fb
39119_0,http://twitpic.com/3ernb
32739_0,http://twitpic.com/4wh0l
25204_0,http://twitpic.com/4gnlp
7059_0,http://u.nu/7y68
35510_0,http://bit.ly/lrsng
19512_0,http://www.the-impossible-project.com/
30801_0,http://twitpic.com/4w483
4355_0,http://plurk.com/p/x116r
16992_0,http://tinyurl.com/m6sru3
26054_0,http://twittersucks.com
27223_0,http://twitpic.com/4jg09
22877_0,http://tweet.sg
36107_0,http://plurk.com/p/sv71z
8482_0,http://www.politico.com/politico44/
37741_0,http://is.gd/ys6k
7358_0,http://twitpic.com/66vlw
17076_0,http://bit.ly/othhv
38782_0,http://bit.ly/ehcfp
27092_0,http://is.gd/wjej
31659_0,http://tinyurl.com/odqwgh
34634_0,http://blip.fm/~5z05g
32740_0,http://twitpic.com/4wh0o
24725_0,http://yfrog.com/08kaifj
28175_0,http://blip.fm/~5jucn
35082_0,http://twitpic.com/4wn21
31945_0,http://bit.ly/t17fl
22647_0,http://tumblr.com/xht1phgl3
35703_0,http://yfrog.com/0ltrdaj
37580_0,http://plurk.com/p/svkc8
20336_0,http://twitpic.com/4j92o
7413_0,http://bit.ly/mymea
24806_0,http://tweetphoto.com.
18194_0,http://bkite.com/07yez
21981_0,http://plurk.com/p/rp8wx
39046_0,http://bit.ly/gswrk
8542_0,http://tinyurl.com/mdewfk
5057_0,http://bit.ly/3pjnc
20732_0,http://tweet.sg
509_0,http://bit.ly/rconp
32115_0,http://tinyurl.com/dhpol7
18129_0,http://twitpic.com/67wa0
35846_0,http://bit.ly/beih5
31287_0,http://twitpic.com/4wc1k
23939_0,http://tr.im/kpdx
4297_0,http://tinyurl.com/nehqpb
8477_0,http://myloc.me/1zt0
27547_0,http://www.newscientist.com/article/mg20227065.900
37401_0,http://twitpic.com/4wqyn
34383_0,http://twitpic.com/4w8ja
23589_0,http://blip.fm/~5jhtv
1853_0,http://myloc.me/1xri
8739_0,http://survivingtheworld.net/lesson5.html
8705_0,http://twitpic.com/670ar
20424_0,https://www.xing.com/events/333622
7261_0,http://twitpic.com/66vau
13933_0,http://twitpic.com/67gwh
22545_0,http://blip.fm/~5jg16
12825_0,http://bkite.com/07xoi
27373_0,http://bit.ly/ttvn2
20931_0,http://tinyurl.com/chtx7e.
4825_0,http://bit.ly/pvyyh
36257_0,http://bit.ly/eovvn
29687_0,http://twitpic.com/4w5sy
31360_0,http://twitpic.com/3qfqo
21342_0,http://ustre.am/2nlc
14335_0,http://bmap.us/2134
13212_0,http://tinyurl.com/lhgca8
3196_0,http://plurk.com/p/wybsv
97_0,http://plurk.com/p/wxiux
37727_0,http://bit.ly/qipuu
4444_0,http://twitpic.com/66mw1
31366_0,http://twitpic.com/4w52z
26709_0,http://ten.com.au/good-news-week.htm
22567_0,http://bit.ly/yufil
23343_0,http://twibes.com/group/pict
34471_0,http://offf09.media140.com/?p=131
25559_0,http://twibes.com/spinning
36822_0,http://snipurl.com/hq0n1
39251_0,http://bkite.com/07kbq
24241_0,http://twitpic.com/4jdtx
17289_0,http://bit.ly/r6rfc
30418_0,http://plurk.com/p/stsir
2172_0,http://yfrog.com/154upj
26595_0,http://blog.spiritualsmarts.com/2009/1560/
10415_0,http://twitpic.com/675tw
39272_0,http://pic.gd/fad84c
38561_0,http://twitpic.com/4wsst
21807_0,http:/
33548_0,http://twitpic.com/4wjjs
14330_0,http://tr.im/mq39
2354_0,http://tinyurl.com/kq47ah
8160_0,http://ghurm.tumblr.com
12893_0,http://twurl.nl/goljwp
7404_0,http://www.myspace.com/tannajoy
22206_0,http://plurk.com/p/rpb7t
29323_0,http://tinyurl.com/qnh5oy
24543_0,http://tinyurl.com/6nkpuz
36892_0,http://skitch.com/t/tac
17540_0,http://yfrog.com/14lyij
38321_0,http://blip.fm/~5z6n8
33204_0,http://www.trustyfotografie.com
6896_0,http://tinyurl.com/qlrcec
1926_0,http://twitpic.com/4sx96
35994_0,http://tr.im/kwk9
39848_0,http://tinyurl.com/p6lfch
28759_0,http://twitpic.com/4w1s0
20569_0,http://tinyurl.com/dcxoty
1190_0,http://plurk.com/p/wxrx5
25399_0,http://bbltwt.com/sciif
2832_0,http://bit.ly/zpsqo
24904_0,http://tinyurl.com/ddyyd6
37655_0,http://bit.ly/tmjtz
1967_0,http://tweefight.com/?opp=hangy
36082_0,http://plurk.com/p/sv70e
18377_0,http://weaselbee.blogspot.com/
39287_0,http://tinyurl.com/otjttu
5430_0,http://pinkpawsforlife.org/
27761_0,http://tinyurl.com/ygcp3f
21956_0,http://bit.ly/auuac
10755_0,http://yfrog.com/6pwwlj
22804_0,http://blip.fm/~5jgj3
24967_0,http://www.facebook.com/pages/hellotxt/73275306275
31899_0,http://bit.ly/tnshf
25588_0,http://tweet.sg
31460_0,http://apps.facebook.com/dogbook/profile/view/1034415
20847_0,http://bit.ly/lzrpc
23088_0,http://blip.fm/~5jh0u
29435_0,http://twitpic.com/4w3zh
22822_0,http://www.indivibe.com/vibe.php?city=1
35174_0,http://tinyurl.com/qmu8mk
1836_0,http://bit.ly/lazel
34849_0,http://www.blogtv.com/people/xbecksx
37021_0,http://twitpic.com/4wl7x
24116_0,http://xoxoeternity.blogg.no/
36839_0,http://twitpic.com/3pb8j
1249_0,http://plurk.com/p/wxsgy
24805_0,http://gykd.net
18508_0,http://twitpic.com/54khn
18181_0,http://twitpic.com/67w20
31926_0,http://plurk.com/p/su622
21062_0,http://tinyurl.com/d7tb38
35990_0,http://blip.fm/~5z309
30967_0,http://twitpic.com/4wauk
9742_0,http://plurk.com/p/x2eb3
15302_0,http://myloc.me/21cn
27253_0,http://tinyurl.com/czb7b2
30690_0,http://tweet.sg
28109_0,http://tinyurl.com/dhc4hg
12040_0,http://79.170.44.101/buma.ro/
28061_0,http://mikefrizzi.com/blog/?p=192
24504_0,http://tinyurl.com/cyd3pp
854_0,http://yfrog.com/3o3zxoj
36935_0,http://bit.ly/jae1v
37828_0,http://plurk.com/p/svm3r
25801_0,http://twitpic.com/4bbcy
9227_0,http://tinyurl.com/njubcl
33153_0,http://twitpic.com/4wij6
19633_0,http://blip.fm/~7aigm
445_0,http://plurk.com/p/wxlxs
27645_0,http://twitpic.com/4jkea
39276_0,http://blip.fm/~5z7zv
29378_0,http://bit.ly/fle9j
25273_0,http://www.lapbooklessons.com/
12238_0,http://twitpic.com/67azl
23208_0,http://plurk.com/p/rpmyd
23066_0,http://plurk.com/p/rplmy
35232_0,http://tr.im/kwk9
22746_0,http://tinyurl.com/cf63ud
5567_0,http://bit.ly/yly0i
35836_0,http://bit.ly/ijm54
26875_0,http://twitpic.com/4j6kc
7347_0,http://twitpic.com/66vld
29252_0,http://bit.ly/fle9j
26931_0,http://www.myspace.com/dica_grl
33430_0,http://bit.ly/msize
1172_0,http://sgbeat.com/pic/81/
17040_0,http://tinyurl.com/m6sru3
24728_0,http://tinyurl.com/cjs668
9561_0,http://apps.facebook.com/dogbook/profile/view/182397
301_0,http://bit.ly/ykksu
5807_0,http://twitpic.com/6695k
33_0,http://plurk.com/p/wxidk
26254_0,http://blip.fm/~5jnl7
16207_0,http://plurk.com/p/x2vyi
9911_0,http://twitpic.com/67318
25809_0,http://twitpic.com/4jggm
39519_0,http://tinyurl.com/qz88co
23608_0,http://twitpic.com/4jcxr
31112_0,http://bit.ly/cujxg
24393_0,http://twitpic.com/4jdrg
24686_0,http://twitpic.com/4jeil
39307_0,http://tinyurl.com/q3u32x
31647_0,http://plurk.com/p/su3eq
13612_0,http://ff.im/3lqux
32403_0,http://bit.ly/dufaz
27742_0,http://tinyurl.com/cy8z7y
24229_0,http://www.youtube.com/lillysan
10307_0,http://plurk.com/p/x2gey
918_0,http://twitpic.com/664b7
18455_0,http://twitpic.com/67x74
5641_0,http://ff.im/-3nid8
22955_0,http://bit.ly/gjqsh
25081_0,http://plurk.com/p/rqaoe
26752_0,http://tinyurl.com/37wt5f
26466_0,http://is.gd/kqsk
31292_0,http://vzerohost.com/info
26755_0,http://tinyurl.com/c5ljwm
29068_0,http://tinyurl.com/oasxx2
21016_0,http://awe.sm/8mz
7646_0,http://www.damiensmithphotography.com
7868_0,http://bit.ly/9ydhu
26919_0,http://twitpic.com/4jip9
25340_0,http://www.laskys.com
10256_0,http://yfrog.com/0ayzyj
32202_0,http://blip.fm/~5ytke
38954_0,http://en.wikipedia.org/wiki/mother's_day#dates_around_the_world
34611_0,http://bit.ly/7ex4j
33131_0,http://twitpic.com/4wi9p
9527_0,http://tr.im/moxl
9749_0,http://bit.ly/jjudf
33258_0,http://budurl.com/f9p5
16572_0,http://plurk.com/p/x2wsw
29250_0,http://twitpic.com/4qpzx
36494_0,http://www.theskinsociety.com
11910_0,http://twitpic.com/679tn
25341_0,http://tinyurl.com/ckmkul
19268_0,http://is.gd/jsgl
34106_0,http://tinyurl.com/odrza4
35704_0,http://www.selfhelpmagazine.com/psychtoons/glasbergen/stressmanagement/stresstest.gif
30482_0,http://bkite.com/07k6x
33383_0,http://tinyurl.com/freeringring
31611_0,http://myloc.me/feb
30421_0,http://twitpic.com/4w8kr
8514_0,http://twitpic.com/66wxk
35051_0,http://tr.im/kwk9
113_0,http://plurk.com/p/wxizo
2665_0,http://plurk.com/p/wy69d
34118_0,http://bit.ly/kmxhk
25945_0,http://ff.im/-2zgfk
21146_0,http://bit.ly/a0pyr
2635_0,http://plurk.com/p/wy5za
19133_0,http://bit.ly/phjur
29705_0,http://twitpic.com/4w5t6
37970_0,http://lookbook.nu/look/92920
16273_0,http://twitpic.com/67hac
38822_0,http://tumblr.com/xaj1qz8v3
21554_0,http://twitpic.com/4jalj
33522_0,http://twitpic.com/4wjel
33433_0,http://twitpic.com/4wjai
3715_0,http://twitpic.com/669lg
38155_0,http://twitpic.com/4ws8w
34662_0,http://tinyurl.com/oow6mk
39343_0,http://twitpic.com/4wtzj
37798_0,http://plurk.com/p/svm0w
25107_0,http://twitter.com/galvao
19571_0,http://twitpic.com/67fs9
39401_0,http://twitpic.com/4wu0a
34330_0,http://bbltwt.com/0mqko
1460_0,http://post.ly/geb
38981_0,http://ping.fm/2urgp
30755_0,http://plurk.com/p/stvri
14317_0,http://twitpic.com/45r61
26444_0,http://www.twitpic.com/4jhn7
10969_0,http://twitpic.com/677bi
31147_0,http://plurk.com/p/stz7a
14542_0,http://twitpic.com/67jxs
28651_0,http://tumblr.com/xyb1qw8cb
4718_0,http://twitpic.com/61ov1
7425_0,http://apps.facebook.com/dogbook/profile/view/6480360
18563_0,http://twitpic.com/67hac_____________http://twitpic.com/67hac
22512_0,http://blip.fm/~5jg0u
22367_0,http://tinyurl.com/caotku
35331_0,http://www.pennyblossoms.com/
34028_0,http://twitpic.com/4wkpe
10337_0,http://myloc.me/20gf
4214_0,http://bit.ly/e0zfz
18900_0,http://twitpic.com/67ykl
20532_0,http://blip.fm/~5jcfo
28673_0,http://twitpic.com/4vd89
38956_0,http://venturefile.com
39555_0,http://blip.fm/~5z8da
20645_0,http://www.sodahead.com/mychemicalromance/
33329_0,http://twitpic.com/4w52z
20964_0,http://plurk.com/p/roxar
11195_0,http://bit.ly/16lugx
17165_0,http://eztv.it/index.php?main=showlist
21690_0,http://xkcd.com/577/
9319_0,http://bit.ly/vdtvf
27213_0,http://plurk.com/p/rr5id
21314_0,http://megaredpacket.com/?aff_id=7891
21249_0,http://tinyurl.com/ct83ub
1068_0,http://yfrog.com/11z2ip
25654_0,http://tiny.cc/gnyq7.
31071_0,http://twitpic.com/4wb52
24724_0,http://blip.fm/~5jjxr
3580_0,http://bit.ly/k6iov
26917_0,http://www.livinghandy.de/
18904_0,http://plurk.com/p/x334f
30851_0,http://digg.com/u12w7c
27049_0,http://tinyurl.com/c8nlzh
31768_0,http://twitpic.com/4wdui
33359_0,http://tinyurl.com/freeringring
21835_0,http://budurl.com/c765
25582_0,http://plurk.com/p/rqh8l
31327_0,http://twitpic.com/4w9zb
25069_0,http://13tolife.us/
19226_0,http://plurk.com/p/x34ap
35431_0,http://blip.fm/~5z1vd
33393_0,http://www.miss-hudgens.com/?p=28
25772_0,http://twurl.nl/fdgmyo
39629_0,http://bit.ly/6hesz
13193_0,http://tinyurl.com/magcwo
38936_0,http://plurk.com/p/svwii
29395_0,http://freecd.backseatgoodbye.com/
30353_0,http://twitpic.com/4w7yp
24453_0,http://viigo.im/sxb
21470_0,http://www.artofphotographyshow.com
12649_0,http://anime-expo.org/?p=2396
27820_0,http://plurk.com/p/rreml
5218_0,http://ustre.am/2j3l
36620_0,http://tr.im/kxkw
32714_0,http://tinyurl.com/re5s5h
9724_0,http://twitpic.com/673vt
37875_0,http://twitpic.com/4ukqe
8261_0,http://apps.facebook.com/catbook/profile/view/5626035
20160_0,http://twitpic.com/4j8yk
20105_0,http://tinyurl.com/cdue53
8156_0,http://twitpic.com/66yb9
7205_0,http://tinyurl.com/km235x
25094_0,http://tinyurl.com/csbo8s
26770_0,http://pic.gd/63ef
140_0,http://twitpic.com/4phze
5855_0,http://twitpic.com/66r0u
28077_0,http://plurk.com/p/rrj4e
20788_0,http://launchsiliconvalley.org
38255_0,http://tinyurl.com/reiki88
892_0,http://bit.ly/ngnar
33266_0,http://tinyurl.com/r65c68
13566_0,http://twitpic.com/67fue
23850_0,http://tinyurl.com/dxa8xg
32635_0,http://www.google.com.ph/logos/mothersday09.gif
38624_0,http://bit.ly/tzxqn
13004_0,http://twitpic.com/67di2
10679_0,http://twitpic.com/676hv
11924_0,http://twitpic.com/6714p
37755_0,http://estrella05azul.wordpress.com/
8398_0,http://yfrog.com/02mxjj
27340_0,http://tinyurl.com/dcgeyv
28767_0,http://twitpic.com/4w1s4
30215_0,http://plurk.com/p/stqya
23152_0,http://twitpic.com/2dmtn
20072_0,http://blip.fm/~5jboh
38889_0,http://oinkflu.info
23718_0,http://tinyurl.com/dfggwj
16569_0,http://bit.ly/k3gmw
21441_0,http://woo.sh
36450_0,http://bit.ly/zujkf
11744_0,http://tinyurl.com/mxlcuvi
39270_0,http://blip.fm/~5z7zs
10811_0,http://is.gd/jg3i
19829_0,http://twitpic.com/5wb0k
9017_0,http://plurk.com/p/x2apl
28562_0,http://twitpic.com/4w06l
5934_0,http://twitpic.com/66riq
32359_0,http://twitpic.com/4wfr4
34261_0,http://blip.fm/~5yzb6
21188_0,http://tinyurl.com/c33ffv
17614_0,http://loopt.us/f8_jqg.t
35216_0,http://twitpic.com/4wn9q
39908_0,http://bit.ly/15yyid
34303_0,http://twitpic.com/4wkym
25568_0,http://vur.me/megainternetwealth/megaredpacket
22680_0,http://twitpic.com/4jbws
904_0,http://plurk.com/p/wxpdj
24823_0,http://tinyurl.com/55hq2o
32206_0,http://twitpic.com/4wfeo
21922_0,http://twitpic.com/4jaz5
36877_0,http://plurk.com/p/svdsh
34358_0,http://twitpic.com/4wlgi
21542_0,http://twitpic.com/4j29b
28027_0,http://www.youtube.com/eyezaddiction
11806_0,http://x.imeem.com/kpeqpg7vuy
28141_0,http://twitpic.com/4jloj
5022_0,http://is.gd/j6zy
24069_0,http://blip.fm/~5jimj
20883_0,http://blip.fm/~5jd4b
3438_0,http://tinyurl.com/nmr7pc
30014_0,http://twitgoo.com/28hh
21320_0,http://www.controlyourrankings.com/launch1/ustream.html
32793_0,http://is.gd/yjpq
30113_0,http://twitpic.com/4w75p
30397_0,http://bkite.com/07k6e
22826_0,http://is.gd/eje_____________http://is.gd/wyyp
24622_0,http://bit.ly/ailun_____________http://yfrog.com/6rwwtj
35149_0,http://tumblr.com/xiy1qycvc
33743_0,http://www.blogtv.com/people/ginanicole2
8954_0,http://bit.ly/mhkz0
34334_0,http://twitpic.com/4wl5b
28220_0,http://bit.ly/6jlal
27905_0,http://twitpic.com/4fzo7
9108_0,http://bit.ly/tvers
27261_0,http://tinyurl.com/dg9ad5
37345_0,http://www.bigbikeride.co.uk
39730_0,http://twitpic.com/2uzx4
31208_0,http://tinyurl.com/otdn9u
15986_0,http://bit.ly/brg6w
14786_0,http://bit.ly/emtcw
26435_0,http://tinyurl.com/d4hgoj
33693_0,http://tr.im/kwk9
20676_0,http://tinyurl.com/cjtqaf
29114_0,http://myloc.me/fkl
31804_0,http://twitpic.com/4wdnn
28827_0,http://twitpic.com/4w269
6407_0,http://twitpic.com/66sls
2044_0,http://tr.im/mlou
21285_0,http://twitpic.com/4ja93
30388_0,http://twitpic.com/4w7yp
24684_0,http://bit.ly/ayvio
4608_0,http://twitpic.com/66ncy
30812_0,http://twitpic.com/4l85a
36390_0,http://blip.fm/~5z3p8
36923_0,http://twitpic.com/4wixz
20567_0,http://blip.fm/~5jckp
27292_0,http://naturalismo.files.wordpress.com/2008/01/elliott10.jpg
2499_0,http://plurk.com/p/wy4ju
4946_0,http://plurk.com/p/x17t9
32387_0,http://twitpic.com/4wg12
8230_0,http://myloc.me/1zpi
35652_0,http://ustre.am/2vko
35727_0,http://bit.ly/b9v90
21317_0,http://tinyurl.com/dev4xh
18180_0,http://twitpic.com/67kb6
34583_0,http://ustre.am/2uhs
34672_0,http://tr.im/kwk9
13954_0,http://twitpic.com/5rylt
33374_0,http://tinyurl.com/pypof6
22751_0,http://twitpic.com/4jbzv
39921_0,http://twitpic.com/24mer
21119_0,http://tinyurl.com/dhgkc9
19290_0,http://yfrog.com/0xoxij
8589_0,http://plurk.com/p/x28ka
8646_0,http://lfpress.ca/newsstand
1467_0,http://tinyurl.com/mgcotd
22639_0,http://bit.ly/eyrtt
32883_0,http://blip.fm/~5yvnd
10606_0,http://www.daytrotter.com/
2630_0,http://bit.ly/qrz6y
30510_0,http://tinyurl.com/onoger
36485_0,http://twitpic.com/3mdce
12349_0,http://tr.im/mpxn
29986_0,http://cheaptweet.com/t/syopvd
20910_0,http://tinyurl.com/cplt7p
23380_0,http://twitpic.com/4jcjr
29511_0,http://blip.fm/~5yk38
31407_0,http://plurk.com/p/su0yr
20312_0,http://twitpic.com/4j91r
17262_0,http://apps.facebook.com/dogbook/profile/view/6891977
10645_0,http://twurl.nl/8q6cjc
2589_0,http://mobypicture.com/?onewzs
24236_0,http://bit.ly/15fo4x
36272_0,http://blip.fm/~5z3ij
16853_0,http://amandallynn.blogspot.com/
36537_0,http://twitpic.com/4wppg
35458_0,http://tweet.sg
12749_0,http://bit.ly/diqf3
39575_0,http://bit.ly/dp2uh
30874_0,http://twitpic.com/4w52z
5493_0,http://pic.im/4d8
7471_0,http://yfrog.com/0a7v3j
32123_0,http://twitpic.com/4wf3a
13178_0,http://tinyurl.com/m8kcsq
21063_0,http://twitpic.com/4ja12
19733_0,http://www.wwe.com/inside/industrynews/kennedyreleased
24280_0,http://tinyurl.com/eqbwe
24761_0,http://tweetphoto.com.
26212_0,http://tinyurl.com/cpv32e
23143_0,http://twitpic.com/4jcfg
23631_0,http://tr.im/gwoy_____________http://tr.im/gwpx
22659_0,http://twitpic.com/4jbwh
5635_0,http://tinyurl.com/lpmvtk
39926_0,http://bit.ly/x7d1c
37385_0,http://bit.ly/cdrbt
29919_0,http://twitpic.com/4w6lf
38693_0,http://twitpic.com/4wsy6
34629_0,http://www.inbflat.net/
37985_0,http://twitpic.com/4wry2
21593_0,http://www.dontthinktwicecollective.blogspot.com/
33431_0,http://twitpic.com/4ve84
15467_0,http://wefollow.com
14504_0,http://myloc.me/2144
3555_0,http://tweet.sg
33418_0,http://tinyurl.com/freeringring
12497_0,http://tumblr.com/x2k1wgbpm
16610_0,http://bit.ly/wxa9l
34544_0,http://ustre.am/2uhs
33388_0,http://tinyurl.com/freeringring
3401_0,http://twitpic.com/6698b
26906_0,http://plurk.com/p/rr121
34983_0,http://blip.fm/~5z10d
36558_0,http://www.linkedin.com/in/darrenmonroe
7111_0,http://twitpic.com/66ust
27077_0,http://pengpengsplace.blogspot.com
9816_0,http://twitpic.com/670pn
32303_0,http://twitpic.com/4wfqn
14685_0,http://tinyurl.com/nmg9ht
7309_0,http://twitpic.com/66vdn
14474_0,http://bit.ly/jcfk7
23851_0,http://myloc.me/tvd
28801_0,http://twitpic.com/4vfcx
35302_0,http://ff.im/2l36n
19067_0,http://twitpic.com/67uc7
37495_0,http://tinyurl.com/oqsqz6
20564_0,http://tinyurl.com/dbrc88
28358_0,http://twitpic.com/4jjdx
20658_0,http://tinyurl.com/d7jvop
7873_0,http://twitpic.com/66xlm
38402_0,http://twitpic.com/4wsjr
5025_0,http://twitpic.com/66o7z
32140_0,http://tinysong.com/kov
36652_0,http://twitpic.com/4wptj
8927_0,http://budurl.com/sbit
36964_0,http://plurk.com/p/sveoi
20734_0,http://twitpic.com/4j585
1635_0,http://tinyurl.com/ns2l55
17400_0,http://is.gd/jpmm
23516_0,http://img.suicidegirls.com/media/albums/6/57/13576/658166.jpg
33320_0,http://lala.com/zad
37898_0,http://snipurl.com/hq0n1
33371_0,http://plurk.com/p/suiva
22731_0,http://tinyurl.com/d8fgxr
35640_0,http://twitpic.com/4wiqv
2024_0,http://bit.ly/qfsag
26621_0,http://blip.fm/~5joo9
39543_0,http://twitpic.com/4wuaq
26426_0,http://tr.im/kq95
22549_0,http://g
34613_0,http://www.myspace.com/steve005
4430_0,http://twib.es/cop
33657_0,http://bit.ly/6fgxd
23056_0,http://tinyurl.com/coboyf
20675_0,http://promotion.itagg.com
24242_0,http://tinyurl.com/d9g8sj
39573_0,http://rly.cc/jnfwn
26445_0,http://blip.fm/~5jo4w
30805_0,http://blip.fm/~5yomt
33709_0,http://bit.ly/13nfk1
27139_0,http://blip.fm/~5jq9o
25516_0,http://www.sundancechannel.com/greenporno/
25052_0,http://twitpic.com/4jfa8
12797_0,http://myloc.me/20dd
20068_0,http://twitpic.com/4j8us
22658_0,http://twitpic.com/4jbsq
34168_0,http://twitpic.com/4wkzi
25171_0,http://tinyurl.com/d56mqf
16348_0,http://is.gd/jolg
10577_0,http://bkite.com/07xfs
35106_0,http://tinyurl.com/oj76mz
16366_0,http://bit.ly/chlav
31615_0,http://plurk.com/p/su3dg
21471_0,http://is.gd/wxmt
37562_0,http://blip.fm/~5z5kz
26434_0,http://twitpic.com/4jhp8
26353_0,http://ustre.am/2w5v
12116_0,http://twitpic.com/67aim
6970_0,http://www.krisisdnb.com/listen.asx
30744_0,http://is.gd/ygt5
28416_0,http://tinyurl.com/dzzaf5
15500_0,http://twitpic.com/67mnz
1304_0,http://open.spotify.com/track/1b75hgrqe7a4fwee3g3wmu
3116_0,http://twitpic.com/1aida
29063_0,http://twitpic.com/4vp3x
4590_0,http://bit.ly/ik6kf
3890_0,http://yfrog.com/104m6wj
2128_0,http://ow.ly/9nru
13426_0,http://twitpic.com/67fcj
36465_0,http://eveinbangkok.blogspot.com
21156_0,http://twitpic.com/2zemt
36783_0,http://is.._____________http://tinyurl.com/r5o3zj
28858_0,http://twitpic.com/4w22u
23302_0,http://tinyurl.com/d4l3oe
23541_0,http://twitpic.com/4jcf1
22135_0,http://tinyurl.com/axsujx
7_0,http://www.djhero.com/
25162_0,http://twitpic.com/4jf4m
32108_0,http://twitpic.com/4wf30
5556_0,http://bit.ly/wcr3a
17321_0,http://plurk.com/p/x2ydn
9898_0,http://bit.ly/253ce
27590_0,http://twitpic.com/4i2zu
27842_0,http://twitpic.com/3goxn
35642_0,http://twitpic.com/4wlpv
24278_0,http://mega-redpacket.com
16004_0,http://twitpic.com/67orb
22834_0,http://myspace.com/theveilonline
20005_0,http://tinyurl.com/ateltl
8452_0,http://myloc.me/1zsj
8137_0,http://plurk.com/p/x25jw
14266_0,http://myloc.me/20yy
23828_0,http://railsbridge.org/
21589_0,http://tinyurl.com/dhlq5t
1843_0,http://tinyurl.com/qsw9vq
18867_0,http://is.gd/jrla
13403_0,http://twitpic.com/67f8o
35143_0,http://bit.ly/qlzp2
25156_0,http://tinyurl.com/d3qwar
32615_0,http://twitpic.com/4wgoi
13335_0,http://tumblr.com/xkx1wgl8r
39687_0,http://bit.ly/izhdy
39205_0,http://ilikeucoz.com/m/1123
29820_0,http://twitpic.com/4w65x
23517_0,http://clada.lu
22646_0,http://is.gd/wys4
38668_0,http://twitpic.com/4wsxi
266_0,http://myloc.me/1xiz
28597_0,http://blip.fm/~5ygpg
14919_0,http://myloc.me/218m
37540_0,http://twitpic.com/4vgzy
7337_0,http://tumblr.com/xeh1wetiq
35113_0,http://tinyurl.com/qu62bl
4216_0,http://bit.ly/dec64but
13928_0,http://twitpic.com/67hac
23974_0,http://twitpic.com/4jcjj
13132_0,http://bit.ly/nack2
27144_0,http://www.harney.com/
26690_0,http://plurk.com/p/rqy0y
26586_0,http://twitpic.com/4ji3n
21449_0,http://antwrp.gsfc.nasa.gov/apod/ap090504.html
7448_0,http://tweet.sg
2111_0,http://tinyurl.com/n28lr3
18489_0,http://twitpic.com/67x8k
22293_0,http://dayna.dreamwidth.org
30032_0,http://twitpic.com/4w70j
38455_0,http://twitpic.com/4wsmw
37150_0,http://blip.fm/~5z50g
3783_0,http://twitpic.com/669nm
39485_0,http://twitpic.com/3a5ho
22032_0,http://twitpic.com/4fnaa
35292_0,http://bit.ly/e2bjm
27972_0,http://twurl.nl/nz8f4y
35792_0,http://tr.im/kwk9
24134_0,http://bit.ly/19ol1b
17043_0,http://bit.ly/jkphn
30652_0,http://tweet.sg
27644_0,http://ustre.am/2w5v
38805_0,http://is.gd/ysah
35559_0,http://simoneserhan.tumblr.com
38744_0,http://snipurl.com/hq0n1
18648_0,http://twitpic.com/67xv3
25907_0,http://www.youtube.com/watch?v=expmtevsfqg
38150_0,http://tumblr.com/xxv1qz4ge
23110_0,http://twitpic.com/4jccd
3329_0,http://tinyurl.com/mt4opc
34898_0,http://twitpic.com/4wmoa
15911_0,http://blackird72.etsy.com
17658_0,http://loopt.us/f8_jqg.t_____________http://bit.ly/lb9sn
36074_0,http://blip.fm/~5z36j
39611_0,http://tinyurl.com/qxyc2n
1677_0,http://twitpic.com/665e9
18282_0,http://myloc.me/21sl
1786_0,http://www.speedtest.net/result/483892161.png
39728_0,http://tr.im/kwnx
36737_0,http://is.gd/yopo
38908_0,http://twitpic.com/4wt8k
8931_0,http://tinyurl.com/n23akq
22207_0,http://twitpic.com/4jb4o
22280_0,http://bit.ly/daxa0
25037_0,http://twitpic.com/4jf46
24746_0,http://bit.ly/1bi7ad
17838_0,http://bit.ly/ukrbg
35200_0,http://bit.ly/uspln
20126_0,http://bkite.com/0783l
21037_0,http://tinyurl.com/coboyf
3035_0,http://plurk.com/p/wy9wi
39225_0,http://bit.ly/bpekk
30695_0,http://twitpic.com/4w9h2
1576_0,http://tinyurl.com/m77gp7
20828_0,http://twitpic.com/4i8kk
30083_0,http://bit.ly/ps7y2
26329_0,http://tinyurl.com/cd8yab
8051_0,http://bit.ly/10uemq
10125_0,http://budurl.com/9mua
11212_0,http://twitpic.com/677xt
1854_0,http://snurl.com/izzau
25633_0,http://migre.me/sie
32169_0,http://gayorbispace.com
31391_0,http://www.cultureshockmag.com
29441_0,http://plurk.com/p/stkr2
23045_0,http://plurk.com/p/rplkr
30369_0,http://bit.ly/ba3nf
38994_0,http://twurl.cc/xd1
5428_0,http://www.evanprice.co.uk/index.htm
36888_0,http://bit.ly/awwzn
23022_0,http://blip.fm/~5jgvk
9402_0,http://tinyurl.com/l7zt72
13668_0,http://bit.ly/h09ph
36774_0,http://bit.ly/a0nw
8843_0,http://twitpic.com/670tp
6968_0,http://myloc.me/1zx6
38175_0,http://geehall.blogspot.com
1072_0,http://tinyurl.com/mnrezc
34730_0,http://tinyurl.com/q7eax7
14549_0,http://tinyurl.com/kv653j
36348_0,http://blip.fm/~5z3oq
26029_0,http://tinyurl.com/csdhw9
31591_0,http://is.gd/yioj
10922_0,http://tinyurl.com/kwgrh4
39549_0,http://twitter.pbworks.com/hashtags
36029_0,http://tumblr.com/xnx1qyn0j
9654_0,http://plurk.com/p/x2dvj
24594_0,http://www.imtiredonline.com/smile/
21998_0,http://twitpic.com/4jb4d
12076_0,http://twitpic.com/5ut6j
17329_0,http://myloc.me/21f2
21289_0,http://blip.fm/~5jdtm
35420_0,http://tr.im/kwk9
25092_0,http://blip.fm/~5jkpz
23071_0,http://twitpic.com/3bnas
36070_0,http://twitpic.com/4woxf
25706_0,http://tinyurl.com/dz7tms
26200_0,http://tinyurl.com/c6tvz5
24597_0,http://goingtorain.com/
36546_0,http://bit.ly/wjg5a
9935_0,http://bit.ly/mo0qn
17120_0,http://myloc.me/21cu
3358_0,http://plurk.com/p/wydaf
37586_0,http://twitpic.com/4wr8k
27528_0,http://lmgtfy.com/
17231_0,http://myloc.me/21ds
19045_0,http://yfrog.com/0xhu5j
25198_0,http://www.maxiin.net/
20288_0,http://tinyurl.com/c7kvb6
34697_0,http://tinyurl.com/c63mhr
39236_0,http://bkite.com/07kbp
24298_0,http://twitpic.com/449yj
26363_0,http://twitpic.com/4jhe5
9930_0,http://tinyurl.com/l8pde3
34288_0,http://plurk.com/p/suqsg
32701_0,http://bit.ly/kn3mp
26551_0,http://bitly.com/3lohvl
28101_0,http://tumblr.com/xzn1pir8s
21702_0,http://plurk.com/p/rp5np
22_0,http://tr.im/ml6z
13082_0,http://bit.ly/61aam
17608_0,http://twitpic.com/67uc7
22694_0,http://axe-tech.net/forums/...
2264_0,http://myloc.me/1xts
30433_0,http://twitpic.com/4w8l1
15319_0,http://bit.ly/ss6yp
21986_0,http://twitter.com/paynetsystems_____________http://tinyurl.com/dagmoq
7355_0,http://digg.com/u14mcf
7045_0,http://myloc.me/1zyg
27871_0,http://tinyurl.com/dde2v6
10189_0,http://apps.facebook.com/dogbook/profile/view/6877274
34178_0,http://plurk.com/p/supwp
32413_0,http://tinyurl.com/ra48ye
10416_0,http://twitpic.com/675t7
32199_0,http://twitpic.com/4wff3
26659_0,http://tinyurl.com/cuwj2b
31485_0,http://twitpic.com/4wcqa
35338_0,http://twitter.com/djt2009
25637_0,http://twitpic.com/4jam0
26475_0,http://tinyurl.com/c48m6r
27197_0,http://onoir.com
22383_0,http://audioboo.fm/
20378_0,http://twitpic.com/4j95z
27347_0,http://bit.ly/xpvt7
32624_0,http://bit.ly/plnm4
39600_0,http://snipurl.com/hq0n1
23548_0,http://poprl.com/1vn0
16523_0,http://apps.facebook.com/dogbook/profile/view/616974
12661_0,http://bit.ly/3pj876
24975_0,http://bit.ly/abrjp
14216_0,http://is.gd/jkvf
11420_0,http://twitpic.com/678hs
30876_0,http://twitpic.com/4wah5
20403_0,http://plurk.com/p/ror5d
26409_0,http://myloc.me/tct
27889_0,http://tinyurl.com/cumqmv
20660_0,http://promotion.itagg.com
12555_0,http://loopt.us/cjn5va.t
28841_0,http://myloc.me/fim
6985_0,http://u.nu/7y68
21457_0,http://tinyurl.com/c4z6gn
23249_0,http://tinyurl.com/dfs7fy
21283_0,http://tr.im/kpae
26168_0,http://blip.fm/~5jnbz
36230_0,http://twitpic.com/4w8ja
29336_0,http://bkite.com/07jzs
21029_0,http://is.gd/ufig
8500_0,http://plurk.com/p/x285t
33319_0,http://short.to/8j3p
3047_0,http://bit.ly/jwuzl
22696_0,http://snipr.com/hble5
31969_0,http://bit.ly/d9qvk
27895_0,http://twitpic.com/4jkvl
36333_0,http://blip.fm/~5z3oi
15376_0,http://tinyurl.com/mf88dz
36831_0,http://myloc.me/g3o
28617_0,http://tinyurl.com/r8erc8
28085_0,http://blip.fm/~5jtyh
14060_0,http://twitpic.com/67hw5
3173_0,http://tinyurl.com/mfm7tl
33941_0,http://twitpic.com/4w9w6
33815_0,http://bit.ly/tgvr7
28513_0,http://plurk.com/p/stezd
14141_0,http://twitpic.com/67i90
2555_0,http://bit.ly/hhigd
24969_0,http://www.facebook.com/pages/hellotxt/73275306275
10965_0,http://www.hulu.com/labs/hulu-desktop
14416_0,http://bit.ly/3orh6
39480_0,http://plurk.com/p/sw17j
1041_0,http://tinyurl.com/lk9ag8
24794_0,http://tinyurl.com/coypsl
30869_0,http://yfrog.com/0guyoj
905_0,http://plurk.com/p/wxpdr
20203_0,http://apps.facebook.com/catbook/profile/view/5726504
26696_0,http://myspace.com/inikco
39146_0,http://blip.fm/~5z7v3
21048_0,http://www.vine.net/default.aspx
2790_0,http://twtvite.com/3koyqo
34221_0,http://bit.ly/lrsng
23735_0,http://twitpic.com/4i3g6
37034_0,http://twitpic.com/4wqe8
7172_0,http://www.twitpic.com/5m7vd
3108_0,http://bit.ly/m8zfx
10581_0,http://apps.facebook.com/dogbook/profile/view/5163602
36568_0,http://bit.ly/118lgl
33232_0,http://twitpic.com/4wh4d
26164_0,http://tinyurl.com/cao6tu
15416_0,http://loopt.us/ogqb5w.t
30626_0,http://tinyurl.com/dloeyu
21773_0,http://tinyurl.com/axsujx
33504_0,http://plurk.com/p/sujth
6414_0,http://tr.im/mnon
5546_0,http://twitpic.com/66q88
27711_0,http://www.ap.org/
23895_0,http://ru.wikipedia.org/wiki/watir
37897_0,http://is.gd/ysbs
23928_0,http://bit.ly/dvsca
3471_0,http://myloc.me/1y2j
23098_0,http://plurk.com/p/rplpr
21578_0,http://slingalink.com/evice1
9248_0,http://twitpic.com/671zy
5928_0,http://blip.fm/~79fcr
26441_0,http://tinyurl.com/ccvo3h
25253_0,http://bit.ly/18zd0k
13305_0,http://twitpic.com/67ezh
23603_0,http://plurk.com/p/rprmr
24829_0,http://tweetphoto.com.
26833_0,http://tinyurl.com/cq5nkp
18071_0,http://blip.fm/~7af72
9400_0,http://www.empireonline.com/100greatestgames/
10309_0,http://budurl.com/9mua
172_0,http://plurk.com/p/wxji3
35657_0,http://oproer.com/twwwitter/
16787_0,http://twitpic.com/67s14
26137_0,http://twitpic.com/4jh4l
36393_0,http://plurk.com/p/sv9lc
33814_0,http://plurk.com/p/sun82
25734_0,http://quizfarm.com/run.php/quizrunner
22858_0,http://twurl.nl/jaq5j4
21505_0,http://twurl.nl/oaerf4
38220_0,http://twitpic.com/4ws9r
24734_0,http://plurk.com/p/rq5ru
29499_0,http://apps.facebook.com/catbook/profile/view/6402509
38833_0,http://twitpic.com/4wsk3
17396_0,http://twitpic.com/67twh
23779_0,http://tinyurl.com/ctw4ld
21763_0,http://twitpic.com/4jas7
15526_0,http://yfrog.com/0zywwj
21423_0,http://www.efteling.nl/
35455_0,http://twitpic.com/4wh5x
2323_0,http://plurk.com/p/wy2yg
27551_0,http://tinyurl.com/dgtcj2
27911_0,http://tinyurl.com/c577ny
33370_0,http://tinyurl.com/freeringring
11829_0,http://tinyurl.com/mxlcuv
28773_0,http://yfrog.com/ehhmyj
32917_0,http://tinyurl.com/ojcf5l
37064_0,http://blip.fm/~5z4va
20045_0,http://bit.ly/fgl2y
6490_0,http://mypict.me/1zpf
37408_0,http://snipurl.com/hq0n1
1991_0,http://plurk.com/p/wxzyr
4657_0,http://tinyurl.com/mpoghc
10022_0,http://bit.ly/esgiq
8410_0,http://twitpic.com/66zls
36246_0,http://www.twitpic.com/4wp26
39237_0,http://bit.ly/18kwzh
28864_0,http://twitpic.com/4uy8l
18787_0,http://plurk.com/p/x32rz
33727_0,http://bit.ly/3md9fv
30410_0,http://mypict.me/fuz
26036_0,http://plurk.com/p/rqo76
28739_0,http://twitpic.com/4visl
13757_0,http://twitpic.com/5s5f9
31156_0,http://twitpic.com/4wbn6
14877_0,http://twitpic.com/67kvt
20450_0,http://twitpic.com/4j99z
31381_0,http://bit.ly/1doeej
16526_0,http://twitpic.com/67hac_____________http://twitpic.com/67hac
7362_0,http://prune.it/weat
799_0,http://plurk.com/p/wxom8
22298_0,http://twitpic.com/4jber
39342_0,http://plurk.com/p/sw05s
29112_0,http://twitpic.com/4w3fi
14140_0,http://plurk.com/p/x2qkb
21805_0,http://twitpic.com/4jaw9
6379_0,http://coord.info/gc1ret6._____________http://bit.ly/js3s4
29815_0,http://plurk.com/p/stnt0
36189_0,http://blip.fm/~5z3co
3904_0,http://www.twitpic.com/5m7vd
27568_0,http://twitpic.com/4jk6b
14657_0,http://bit.ly/5t5xz
17235_0,http://bit.ly/r6rfc
23429_0,http://tinyurl.com/cw8wp2
38031_0,http://twitpic.com/4wrxq
34480_0,http://tr.im/kwk9
36377_0,http://bit.ly/qxxhi
26381_0,http://mobypicture.com/?uqi0h2
24216_0,http://bit.ly/whar8
7323_0,http://bit.ly/qlwbe
25935_0,http://twitpic.com/4jgro
8817_0,http://twitpic.com/670rw
27751_0,http://gykd.net
18566_0,http://bit.ly/1864ml
38854_0,http://bit.ly/lhgz2
24558_0,http://twitpic.com/4j9cd
19158_0,http://twitpic.com/67zgz
39946_0,http://bit.ly/13pqtw
28579_0,http://bit.ly/evluw
8703_0,http://bit.ly/16urvv_____________http://bit.ly/16urvv
31957_0,http://www.twitpic.com/4hap4
37364_0,http://bit.ly/chzlw
31445_0,http://twitpic.com/4t4jv
22643_0,http://tinyurl.com/cugy8c
8778_0,http://tinyurl.com/ry9wap
34666_0,http://ustre.am/2uhs
36730_0,http://tinyurl.com/qa4cdv
33687_0,http://mscaseycarter.blogspot.com.
9993_0,http://twitpic.com/674p1
37597_0,http://unbecominglily.blogspot.com/2009/05/announcing.html
26082_0,http://tinyurl.com/cv5nw8
9220_0,http://www.twitpic.com/671w1
27839_0,http://is.gd/wbt6
29291_0,http://tinyurl.com/pvajlm
28140_0,http://tinyurl.com/cdsuws
6156_0,http://apps.facebook.com/dogbook/profile/view/6121231
21161_0,http://plurk.com/p/rozcz
31096_0,http://snipurl.com/hkuj9
20211_0,http://blip.fm/~5jbvo
16484_0,http://apps.facebook.com/dogbook/profile/view/6878284
23363_0,http://plurk.com/p/rpp57
16924_0,http://tiny12.tv/i3ks8
2647_0,http://is.gd/iq03
35980_0,http://twurl.nl/j4o1xe
684_0,http://twitpic.com/65623
24424_0,http://blip.fm/~5jjcc
37406_0,http://bit.ly/tjvhv
28718_0,http://is.gd/ybd0
33496_0,http://tr.im/kwk9
39664_0,http://bit.ly/7vikc
38743_0,http://twitpic.com/4qfl3
35553_0,http://bit.ly/5e7dr
13158_0,http://twitpic.com/67eba
695_0,http://plurk.com/p/wxnt9
1740_0,http://bit.ly/12f0y
27053_0,http://tinyurl.com/dzcpg3
1964_0,http://twitpic.com/665to_____________http://twitpic.com/660vv
21881_0,http://twitpic.com/4grnh
16525_0,http://ff.im/-3o32g
22168_0,http://plurk.com/p/rpaag
26529_0,http://twitter.com/karasw/status/1695368792
24826_0,http://twitpic.com/4jerc
38061_0,http://twitpic.com/4ws3m
24345_0,http://ff.im/2zaf4
26549_0,http://tinyurl.com/4ttngg
25234_0,http://mobypicture.com/?ee2ij3
21455_0,http://twitpic.com/4fzo7
36793_0,http://is.gd/rae9
37130_0,http://www.flickr.com/photos/bonassin/
37024_0,http://blip.fm/~5z4uq
35423_0,http://bit.ly/uwl7m
21670_0,http://woo.sh
13033_0,http://tinyurl.com/63qoz4
36559_0,http://bit.ly/8gb8r
20575_0,http://twitpic.com/4j9eo
10930_0,http://tinyurl.com/krw9p3
5114_0,http://twitpic.com/66of2
22706_0,http://plurk.com/p/rpgyy
770_0,http://bit.ly/179jxs
35173_0,http://bit.ly/nppiv
37384_0,http://k-popped.com/
28066_0,http://last.fm/user/an0key
24605_0,http://apps.facebook.com/dogbook/profile/view/6386106
31871_0,http://bit.ly/lrzjr
37846_0,http://twitpic.com/4m9up
34713_0,http://blip.fm/~5z0dc
28466_0,http://twt.fm/91610
38507_0,http://tinyurl.com/qcy8d4
24113_0,http://tinyurl.com/ddqpoa
1730_0,http://yfrog.com/0zr2jqj
34686_0,http://tr.im/jtl8
19776_0,http://twitpic.com/6814w
39049_0,http://plurk.com/p/svxe1
26606_0,http://ustre.am/2w5v
26062_0,http://plurk.com/p/rqo8q
34897_0,http://ustre.am/2uhs
38136_0,http://bit.ly/hxlfm
33629_0,http://twitpic.com/4wjrs
38301_0,http://bit.ly/137cty
30067_0,http://plurk.com/p/stq3f
27701_0,http://myloc.me/thq
29464_0,http://twitpic.com/4vw9a
21875_0,http://twitpic.com/4jam0
34034_0,http://twitpic.com/4wkpl
29849_0,http://twitpic.com/4w67k
2422_0,http://ff.im/3mrim
34517_0,http://plurk.com/p/sutar
11046_0,http://twitpic.com/64mdc
23273_0,http://is.gd/wyfi
17222_0,http://twitpic.com/67swx
22050_0,http://twt.fm/91035
31904_0,http://twitpic.com/4wegx
6833_0,http://bit.ly/191tpr
38237_0,http://bit.ly/5pblz
23694_0,http://gykd.net
14781_0,http://bit.ly/14lvi
31480_0,http://twitpic.com/4wcpt
37100_0,http://twitpic.com/4wqfv
16349_0,http://bit.ly/jkphn
25000_0,http://yfrog.com/05ixbj
8981_0,http://twitpic.com/5ut6j
23108_0,http://tr.im/kpu3
32651_0,http://twitpic.com/4wgp2
8754_0,http://mobypicture.com/?zx33t1
38146_0,http://podilates.gr/pp2_10_5_08
36342_0,http://fuzz-ball.com/twitter
22633_0,http://tinyurl.com/67sk5r
27387_0,http://tr.im/kmvl
9065_0,http://plurk.com/p/x2avn
36999_0,http://bit.ly/rd31f
8076_0,http://plurk.com/p/x258n
18466_0,http://twitpic.com/67x7n
33050_0,http://www.reuters.com/article/bigmoney/idus1284981420090508
12505_0,http://bit.ly/2xdpf
26358_0,http://fffff.at/spinning-vinyl-ipod-app
33874_0,http://tr.im/kwk9
33197_0,http://twitpic.com/4wi78
10682_0,http://twitpic.com/676hz
35958_0,http://blip.fm/~5z2zo
9338_0,http://tinyurl.com/lhq8gs
38585_0,http://twitpic.com/4wssc/full
36225_0,http://twitpic.com/4wp8s
23977_0,http://twitpic.com/4bckp
8345_0,http://twitpic.com/66z7a
1307_0,http://twitpic.com/664uz
7857_0,http://plurk.com/p/x23pa
25335_0,http://tweetphoto.com.
13543_0,http://mypict.me/20oh
12131_0,http://plurk.com/p/x2l3e
1995_0,http://twitpic.com/665w2
34745_0,http://www.districtlines.com/revertfashion
7839_0,http://twitpic.com/66xjl
28733_0,http://twitpic.com/4w1gg
24674_0,http://twitpic.com/4jeij
38557_0,http://snipurl.com/hq0n1
14428_0,http://plurk.com/p/x2rgl
39044_0,http://twitpic.com/4vuuy
37591_0,http://bit.ly/penql
37391_0,http://twitpic.com/4wqy4
2214_0,http://img36.imageshack.us/img36/4603/iprevailedsig.png
5913_0,http://www.bodybuilding.com/fun/richardchan.htm
32751_0,http://shz.me/5ke
37117_0,http://myloc.me/g4p
39132_0,http://bit.ly/17cy61
20352_1,www.loveisthecure.net
38710_1,www.havealovelytime.com?
39262_1,www.robsessedpattinson.com
20859_1,www.youtube.com/chineselearn
26728_1,www.crossroads.net/gocincinnati
20610_1,www.youtube.com/chineselearn
26160_1,www.twitter.com/djarka
31220_1,www.mysweetebony.com
26931_1,www.myspace.com/discosoutmurdersin
39998_1,www.myspace.com/ipsohot
34431_1,www.myspace.com/katieheidie
14998_1,www.direct.gov.uk/studentfinance
23734_1,www.youtube.com/chineselearn
21750_1,www.playerstation.it
3179_1,www.xiuxiu.org
20849_1,www.youtube.com/chineselearn
2376_1,www.ultimatelohan.org
20497_1,www.youtube.com/chineselearn
11463_1,www.chittypulga.com
39490_1,www.myspace.com/fashionisthenextcity
22028_1,www.tactik.eu
23631_1,www.audiomicro.com
28684_1,www.wireimage.com
35978_1,www.myspace.com/djspy
21421_1,www.samstephens.com
28446_1,www.myspace.com/tynishakeli
33073_1,www.picnik.com
20485_1,www.youtube.com/chineselearn
27735_1,www.myspace.com/missmickey
20492_1,www.youtube.com/chineselearn
30166_1,www.bseresults.net
39969_1,www.tfl.gov.uk
25574_1,www.youtube.com/user/theboomtube
20406_1,www.youtube.com/chineselearn
37399_1,www.youtube.com/watch?v=cyjvgnp9-va
24530_1,www.redirlanda.es.
35581_1,www.dujourmag.com/subscribe
20478_1,www.youtube.com/chineselearn
26577_1,www.dosriosrestaurant.com!
23984_1,www.twitterfridge.com
23711_1,www.youtube.com/chineselearn
12798_1,www.did
37667_1,www.youtube.com/watch?v=6urrxta8dom
25306_1,www.myfoxcharlotte.com
20889_1,www.youtube.com/chineselearn
28210_1,www.myspace.com/flownyce
20628_1,www.youtube.com/chineselearn
37030_1,www.overheardinlondon.co.uk
22381_1,www.hot.co.nz
24037_1,www.myspace.com/pwnage_org
20234_1,www.last.fm/music/marple+meg
26140_1,www.canadamigos.com
5111_1,www.shugartbates.com
19225_1,www.kpfa.org
6430_2,friendorfollow.com
8563_2,blockbuster.com
27595_2,mozy.com
39179_2,ejamming.com
6931_2,geocaching.com
17858_2,vrbo.com
21525_2,edinburghac.org.uk
38600_2,uniteddogs.com
37931_2,smashspace.ning.com
10213_2,majorspoilers.com
22281_2,derek_bell.com
23325_2,m.twitter.com
34611_2,(space.com
27683_2,ixigo.com
25628_2,myepisodes.com
18429_2,etonline.com
7250_2,minto.com
32246_2,forexforums.org
2869_2,kc.com
19733_2,wwe.com
16711_2,lastminute.com
18993_2,my .com
34618_2,hulu.com
25330_2,twitter.com
26559_2,google.com
8523_2,yaymen.com
39018_2,knitterati.com
29739_2,watch-movies-link.com
12581_2,drugstore.com
20871_2,twindexx.com
19582_2,zemote.com
20089_2,bangbros.com_____________onionbooty.com
33981_2,demistylesource.com
27953_2,ixigo.com
33814_2,[phplurk.com
34457_2,amazon.com
34127_2,backstagepazz.com
35131_2,nikeplus.com
15390_2,walmart.com
24787_2,reverbnation.com
35795_2,nin.com
14041_2,myspace.com
23464_2,95sx.com
16153_2,oramarecords.com
33050_2,us.mobile.reuters.com
22889_2,twitter.com
